insert into AspNetRoles(Id, Name, NormalizedName, ConcurrencyStamp)
Values('25501994-44dd-44b8-bb7d-1b2af376f1be','Admin','Admin', '1')
  
insert into AspNetRoles(Id, Name, NormalizedName, ConcurrencyStamp)
Values('32b89678-1f5d-43c8-8dbd-4251902bdfa4','Trainer','Trainer', '2')

insert into AspNetRoles(Id, Name, NormalizedName, ConcurrencyStamp)
Values('345996a0-0f9e-4f4e-a7a5-1cbc7a110cc7','Student','Student', '3')


-- users

insert into Trainers (UserId,Profile_Picture, Email, Name, Trainer_ID, Certification, Bio, Experience, Rating, Created_At, Updated_At) values ('e90ce767-1860-485f-be9c-dcb2bc96511f','https://cdn-icons-png.flaticon.com/512/4727/4727424.png','ctwallin0@rambler.ru','Cris Twallin', '54d60f48-a697-43ab-ac35-ad4c772a90ba', 'nulla sed accumsan felis ut at dolor quis odio consequat varius integer ac leo pellentesque ultrices mattis', 'erat volutpat in congue etiam justo etiam', 25, 1, '7/20/2024', '6/26/2024');
insert into Trainers (UserId,Profile_Picture, Email, Name, Trainer_ID, Certification, Bio, Experience, Rating, Created_At, Updated_At) values ('fc1cd8a2-bbfd-4cbf-b44f-c4c7e77cd769','https://cdn-icons-png.flaticon.com/512/4727/4727424.png','sklain1@samsung.com','Stanford Klain', '8cc03525-cc7d-47c9-8376-67e7a6aa85fc', 'eros viverra eget congue eget semper rutrum nulla nunc purus phasellus', 'libero rutrum ac lobortis vel dapibus', 44, 4, '8/6/2024', '9/28/2024');
insert into Trainers (UserId,Profile_Picture, Email, Name, Trainer_ID, Certification, Bio, Experience, Rating, Created_At, Updated_At) values ('08eec65c-8aab-4499-a57f-52cf0486c35a','https://cdn-icons-png.flaticon.com/512/4727/4727424.png','bmoroney2@typepad.com','Betti Moroney', '5de0ee57-2d8f-4cec-94a4-4f1f4623dace', 'posuere cubilia curae donec pharetra magna vestibulum aliquet ultrices erat tortor sollicitudin mi sit amet lobortis', 'natoque penatibus et magnis dis', 13, 4, '3/24/2024', '8/24/2024');
insert into Trainers (UserId,Profile_Picture, Email, Name, Trainer_ID, Certification, Bio, Experience, Rating, Created_At, Updated_At) values ('43328814-f5f0-4d9f-ba58-f4a74331f51a','https://cdn-icons-png.flaticon.com/512/4727/4727424.png','mmcquorkell3@tuttocitta.it','Marjorie McQuorkell', '6414f1ea-0b8e-4acf-848e-917efb3ff587', 'justo etiam pretium iaculis justo in hac habitasse platea dictumst etiam faucibus cursus urna ut tellus nulla ut erat id', 'morbi non lectus aliquam sit amet diam in magna', 42, 5, '7/31/2024', '5/9/2024');
insert into Trainers (UserId,Profile_Picture, Email, Name, Trainer_ID, Certification, Bio, Experience, Rating, Created_At, Updated_At) values ('dc51a9dc-55dc-4aa1-b408-749c7e32b2c3','https://cdn-icons-png.flaticon.com/512/4727/4727424.png','lleber4@cbc.ca','Lita Leber', 'd7f2112b-6702-4d19-b814-869e6fec958d', 'et ultrices posuere cubilia curae nulla dapibus dolor vel est donec odio justo sollicitudin', 'lacus morbi sem mauris laoreet ut rhoncus aliquet pulvinar', 23, 1, '6/20/2024', '3/31/2024');
insert into Trainers (UserId,Profile_Picture, Email, Name, Trainer_ID, Certification, Bio, Experience, Rating, Created_At, Updated_At) values ('2343b181-ba69-431f-ad8d-e9b9efaf518b','https://cdn-icons-png.flaticon.com/512/4727/4727424.png','eturville5@ocn.ne','Etienne Turville', '1d099af5-5c42-4e7e-914a-67e0e9e45eae', 'sapien varius ut blandit non interdum in ante vestibulum ante ipsum primis in faucibus orci luctus', 'venenatis lacinia aenean sit amet', 47, 1, '8/21/2024', '9/3/2024');
insert into Trainers (UserId,Profile_Picture, Email, Name, Trainer_ID, Certification, Bio, Experience, Rating, Created_At, Updated_At) values ('1931f416-6588-438b-b7cb-2521d5880931','https://cdn-icons-png.flaticon.com/512/4727/4727424.png','arivelin6@google.fr','Ashlan Rivelin', '38d36562-b085-460a-a765-309f29c2384c', 'dolor morbi vel lectus in quam fringilla rhoncus mauris enim leo rhoncus sed vestibulum sit amet cursus', 'aliquam quis turpis eget elit sodales scelerisque mauris sit amet', 41, 5, '5/7/2024', '7/25/2024');
insert into Trainers (UserId,Profile_Picture, Email, Name, Trainer_ID, Certification, Bio, Experience, Rating, Created_At, Updated_At) values ('dd4ed4e4-72ef-42cf-9988-fbf8816368af','https://cdn-icons-png.flaticon.com/512/4727/4727424.png','mlaming7@squidoo.com','Mindy Laming', '1c44fa37-115f-4a48-ae78-2b11d86da919', 'non mauris morbi non lectus aliquam sit amet diam in magna bibendum imperdiet nullam orci pede', 'orci luctus et ultrices posuere cubilia', 30, 3, '1/21/2024', '2/5/2024');
insert into Trainers (UserId,Profile_Picture, Email, Name, Trainer_ID, Certification, Bio, Experience, Rating, Created_At, Updated_At) values ('35258a23-a4de-40d5-b0b8-80a73b565328','https://cdn-icons-png.flaticon.com/512/4727/4727424.png','kgowthorpe8@who.int','Keary Gowthorpe', '1c7cb894-58ce-4976-8045-b90a55f8ec07', 'cursus urna ut tellus nulla ut erat id mauris vulputate elementum nullam varius nulla facilisi', 'vestibulum sed magna at nunc commodo placerat praesent blandit nam', 24, 2, '3/1/2024', '2/14/2024');
insert into Trainers (UserId,Profile_Picture, Email, Name, Trainer_ID, Certification, Bio, Experience, Rating, Created_At, Updated_At) values ('80c4e751-8c08-4e0a-8d8d-13412781fc5a','https://cdn-icons-png.flaticon.com/512/4727/4727424.png','dvine9@webeden.co','Dana Vine', '1d59c03a-1c20-4c30-9e9d-60a96f7f3094', 'adipiscing molestie hendrerit at vulputate vitae nisl aenean lectus pellentesque eget nunc donec quis orci eget orci', 'duis bibendum morbi non quam nec dui luctus', 43, 4, '2/23/2024', '3/26/2024');
insert into Trainers (UserId,Profile_Picture, Email, Name, Trainer_ID, Certification, Bio, Experience, Rating, Created_At, Updated_At) values ('4a7d5cb7-cd50-4189-a582-d88eeb6d0c51','https://cdn-icons-png.flaticon.com/512/4727/4727424.png','tshortta@businesswire.com','Tyson Shortt', 'ef809310-80f7-4286-8313-bc0eba5f4b25', 'sit amet eleifend pede libero quis orci nullam molestie nibh in lectus pellentesque at nulla', 'imperdiet nullam orci pede venenatis non sodales sed tincidunt eu', 43, 1, '7/17/2024', '10/6/2024');
insert into Trainers (UserId,Profile_Picture, Email, Name, Trainer_ID, Certification, Bio, Experience, Rating, Created_At, Updated_At) values ('cec6f265-dabf-4b8b-b9c2-d10d5fa6c0b8','https://cdn-icons-png.flaticon.com/512/4727/4727424.png','ldenecampb@w3.org','Lou Denecamp', 'f7405243-5d7f-42e7-834a-8febf0f6f489', 'quis augue luctus tincidunt nulla mollis molestie lorem quisque ut erat curabitur gravida', 'faucibus accumsan odio curabitur convallis duis consequat', 15, 2, '6/6/2024', '10/25/2024');
insert into Trainers (UserId,Profile_Picture, Email, Name, Trainer_ID, Certification, Bio, Experience, Rating, Created_At, Updated_At) values ('57ad328e-8799-460b-87d2-aca4c37807c9','https://cdn-icons-png.flaticon.com/512/4727/4727424.png','iarnic@google.com','Ichabod Arni', '3a15b994-dadd-4bba-ba7d-34991abaeba1', 'amet consectetuer adipiscing elit proin interdum mauris non ligula pellentesque ultrices phasellus id sapien', 'ipsum dolor sit amet consectetuer adipiscing', 45, 4, '3/27/2024', '8/19/2024');
insert into Trainers (UserId,Profile_Picture, Email, Name, Trainer_ID, Certification, Bio, Experience, Rating, Created_At, Updated_At) values ('14a2e78a-6695-464c-8641-73838464d8ce','https://cdn-icons-png.flaticon.com/512/4727/4727424.png','bsiberyd@i2i.jp','Belia Sibery', '8ca94d96-1bdb-41bf-9153-ddf7b3a10cc0', 'id pretium iaculis diam erat fermentum justo nec condimentum neque sapien placerat ante nulla justo aliquam quis', 'lacus purus aliquet at feugiat non', 46, 4, '5/8/2024', '3/25/2024');
insert into Trainers (UserId,Profile_Picture, Email, Name, Trainer_ID, Certification, Bio, Experience, Rating, Created_At, Updated_At) values ('40195b1b-83fe-4523-afb7-3882336d0b5c','https://cdn-icons-png.flaticon.com/512/4727/4727424.png','blowndese@unblog.fr','Benson Lowndes', '18697f5a-d0f3-4e1b-a436-a5d27423d1fd', 'nulla elit ac nulla sed vel enim sit amet nunc viverra dapibus', 'porttitor lorem id ligula suspendisse ornare consequat lectus', 25, 1, '9/30/2024', '2/17/2024');
insert into Trainers (UserId,Profile_Picture, Email, Name, Trainer_ID, Certification, Bio, Experience, Rating, Created_At, Updated_At) values ('33c75ed0-270a-49dc-88d8-2257dc662edd','https://cdn-icons-png.flaticon.com/512/4727/4727424.png','dbeggsf@amazon.co','Des Beggs', '2203772b-02e5-42e2-9a97-f9b4ddccb231', 'donec diam neque vestibulum eget vulputate ut ultrices vel augue vestibulum ante ipsum primis in', 'ultrices aliquet maecenas leo odio condimentum id luctus nec molestie', 25, 3, '1/9/2024', '8/27/2024');
insert into Trainers (UserId,Profile_Picture, Email, Name, Trainer_ID, Certification, Bio, Experience, Rating, Created_At, Updated_At) values ('6710a380-2f72-4702-96c3-679df14b1cdf','https://cdn-icons-png.flaticon.com/512/4727/4727424.png','gtaylog@si.edu','Gabe Taylo', '7eb01f00-5691-4772-8e48-25207e11d886', 'pellentesque at nulla suspendisse potenti cras in purus eu magna vulputate luctus cum sociis natoque penatibus', 'pretium nisl ut volutpat sapien arcu sed', 37, 1, '4/6/2024', '9/15/2024');
insert into Trainers (UserId,Profile_Picture, Email, Name, Trainer_ID, Certification, Bio, Experience, Rating, Created_At, Updated_At) values ('bf10b33b-06c7-4f04-9f29-d2524af9ed36','https://cdn-icons-png.flaticon.com/512/4727/4727424.png','neatttokh@furl.net','Napoleon Eatttok', '96b828b7-2f2e-4da2-b384-d52853c41dfe', 'metus aenean fermentum donec ut mauris eget massa tempor convallis nulla neque libero convallis eget eleifend luctus ultricies eu nibh', 'orci luctus et ultrices posuere cubilia curae', 6, 1, '7/26/2024', '7/8/2024');
insert into Trainers (UserId,Profile_Picture, Email, Name, Trainer_ID, Certification, Bio, Experience, Rating, Created_At, Updated_At) values ('a743e191-9e45-46fc-8a35-9053a8343ac8','https://cdn-icons-png.flaticon.com/512/4727/4727424.png','cpinckneyi@nyu.edu','Carlin Pinckney', '8b3bc38c-cbb7-4843-8c88-f34ef00366db', 'lacus morbi quis tortor id nulla ultrices aliquet maecenas leo odio condimentum id luctus nec', 'et magnis dis parturient montes', 18, 3, '8/6/2024', '8/22/2024');
insert into Trainers (UserId,Profile_Picture, Email, Name, Trainer_ID, Certification, Bio, Experience, Rating, Created_At, Updated_At) values ('49fe1a18-c93d-4f94-b28e-121db0ea7e18','https://cdn-icons-png.flaticon.com/512/4727/4727424.png','rkiliusj@gov.uk','Ricky Kilius', '8ffca638-2ea1-4a36-a085-95e96ab051c5', 'amet erat nulla tempus vivamus in felis eu sapien cursus vestibulum proin eu mi', 'lacus morbi sem mauris laoreet ut rhoncus aliquet', 25, 3, '6/26/2024', '12/18/2024');

-- trainers
insert into AspNetUsers (PasswordHash,Avatar,Id, FullName, Address, EmailConfirmed, SecurityStamp, ConcurrencyStamp, PhoneNumber, PhoneNumberConfirmed, TwoFactorEnabled, LockoutEnabled, AccessFailedCount, Email, UserName, NormalizedUserName, NormalizedEmail) values ('AQAAAAIAAYagAAAAEMUFKxmZVBJLRy0ryQUqzepEyhBKE1sNTHTJ33Vw9Sz1CT8tcO5sQ2Zc9pYH8VCIXA==','https://cdn-icons-png.flaticon.com/512/4727/4727424.png','e90ce767-1860-485f-be9c-dcb2bc96511f', 'Cris Twallin', '0 Ilene Avenue', 0, '$2a$04$UlBYwaI/G7PP.vo3lhh48OI4bP4OTzPqKX9/XHBsC2HdZ0nrv2rOa', '$2a$04$BG5KC/6R7jM2YZNdtGzlCeVw5nJ.tI0ItOpfzCvcD6e6F4u2noWb2', '765 971 1146', 0, 0, 1, 0, 'ctwallin0@rambler.ru', 'CTWALLIN0@RAMBLER.RU', 'CTWALLIN0@RAMBLER.RU', 'CTWALLIN0@RAMBLER.RU');
insert into AspNetUsers (PasswordHash,Avatar,Id, FullName, Address, EmailConfirmed, SecurityStamp, ConcurrencyStamp, PhoneNumber, PhoneNumberConfirmed, TwoFactorEnabled, LockoutEnabled, AccessFailedCount, Email, UserName, NormalizedUserName, NormalizedEmail) values ('AQAAAAIAAYagAAAAEMUFKxmZVBJLRy0ryQUqzepEyhBKE1sNTHTJ33Vw9Sz1CT8tcO5sQ2Zc9pYH8VCIXA==','https://cdn-icons-png.flaticon.com/512/4727/4727424.png','fc1cd8a2-bbfd-4cbf-b44f-c4c7e77cd769', 'Stanford Klain', '5270 Cottonwood Pass', 0, '$2a$04$405D4OYK1ovl56CElKUD.eONWfEH69X3EANokZO3f3wIGT11cN9OK', '$2a$04$2CAWVNaBNHSCIsqf76zy6.SYhJQe0R5VuOoikXJomweOqYmCArCO2', '881 611 3160', 0, 0, 1, 0, 'sklain1@samsung.com', 'SKLAIN1@SAMSUNG.COM', 'SKLAIN1@SAMSUNG.COM', 'SKLAIN1@SAMSUNG.COM');
insert into AspNetUsers (PasswordHash,Avatar,Id, FullName, Address, EmailConfirmed, SecurityStamp, ConcurrencyStamp, PhoneNumber, PhoneNumberConfirmed, TwoFactorEnabled, LockoutEnabled, AccessFailedCount, Email, UserName, NormalizedUserName, NormalizedEmail) values ('AQAAAAIAAYagAAAAEMUFKxmZVBJLRy0ryQUqzepEyhBKE1sNTHTJ33Vw9Sz1CT8tcO5sQ2Zc9pYH8VCIXA==','https://cdn-icons-png.flaticon.com/512/4727/4727424.png','08eec65c-8aab-4499-a57f-52cf0486c35a', 'Betti Moroney', '1805 Bluejay Pass', 0, '$2a$04$Y//wUiZo3.386/hoD739cOpSqQWtds45BeMF3SXWLYbXGR34l9o5a', '$2a$04$Ec5qIr/TH7WArMW9P6Cwi.iMkfzWl.aR6gBjANxFjUYvX2dVayB5S', '286 718 9312', 0, 0, 1, 0, 'bmoroney2@typepad.com', 'BMORONEY2@TYPEPAD.COM', 'BMORONEY2@TYPEPAD.COM', 'BMORONEY2@TYPEPAD.COM');
insert into AspNetUsers (PasswordHash,Avatar,Id, FullName, Address, EmailConfirmed, SecurityStamp, ConcurrencyStamp, PhoneNumber, PhoneNumberConfirmed, TwoFactorEnabled, LockoutEnabled, AccessFailedCount, Email, UserName, NormalizedUserName, NormalizedEmail) values ('AQAAAAIAAYagAAAAEMUFKxmZVBJLRy0ryQUqzepEyhBKE1sNTHTJ33Vw9Sz1CT8tcO5sQ2Zc9pYH8VCIXA==','https://cdn-icons-png.flaticon.com/512/4727/4727424.png','43328814-f5f0-4d9f-ba58-f4a74331f51a', 'Marjorie McQuorkell', '0958 Lyons Place', 0, '$2a$04$tiSCWPKi0EAg4I.YqXD3s.XRt0SKVy4a1Vgn139r8VA/afMfVzGxC', '$2a$04$Skn9mSp2u4wG5ifeOmu.ReqiTjyV.iHC7AgK9GL/uugZjDZh/kQEa', '673 789 7777', 0, 0, 1, 0, 'mmcquorkell3@tuttocitta.it', 'MMCQUORKELL3@TUTTOCITTA.IT', 'MMCQUORKELL3@TUTTOCITTA.IT', 'MMCQUORKELL3@TUTTOCITTA.IT');
insert into AspNetUsers (PasswordHash,Avatar,Id, FullName, Address, EmailConfirmed, SecurityStamp, ConcurrencyStamp, PhoneNumber, PhoneNumberConfirmed, TwoFactorEnabled, LockoutEnabled, AccessFailedCount, Email, UserName, NormalizedUserName, NormalizedEmail) values ('AQAAAAIAAYagAAAAEMUFKxmZVBJLRy0ryQUqzepEyhBKE1sNTHTJ33Vw9Sz1CT8tcO5sQ2Zc9pYH8VCIXA==','https://cdn-icons-png.flaticon.com/512/4727/4727424.png','dc51a9dc-55dc-4aa1-b408-749c7e32b2c3', 'Lita Leber', '515 Novick Place', 0, '$2a$04$gGG0QDtr.KiU8T3beC6aEeEwqbGnxWqlkyPQr8PbxDiL7xYuKvCi6', '$2a$04$wYB71Yob8ionQyygMxjZYe8hnw0PE8nNc0UcFgCFN1kM/22I7ni6K', '593 974 5832', 0, 0, 1, 0, 'lleber4@cbc.ca', 'LLEBER4@CBC.CA', 'LLEBER4@CBC.CA', 'LLEBER4@CBC.CA');
insert into AspNetUsers (PasswordHash,Avatar,Id, FullName, Address, EmailConfirmed, SecurityStamp, ConcurrencyStamp, PhoneNumber, PhoneNumberConfirmed, TwoFactorEnabled, LockoutEnabled, AccessFailedCount, Email, UserName, NormalizedUserName, NormalizedEmail) values ('AQAAAAIAAYagAAAAEMUFKxmZVBJLRy0ryQUqzepEyhBKE1sNTHTJ33Vw9Sz1CT8tcO5sQ2Zc9pYH8VCIXA==','https://cdn-icons-png.flaticon.com/512/4727/4727424.png','2343b181-ba69-431f-ad8d-e9b9efaf518b', 'Etienne Turville', '66795 Leroy Avenue', 0, '$2a$04$gF8I3aNJYO8oGoOb3DS4S.plFjJpr1uxBCzWcXrIPdSSof7L6sm5i', '$2a$04$tqCHglUggjNuonjt781oVOLraHSY6WbwCzbZyqWxSV0Wu4vgUyfae', '231 554 5625', 0, 0, 1, 0, 'eturville5@ocn.ne.jp', 'ETURVILLE5@OCN.NE.JP', 'ETURVILLE5@OCN.NE.JP', 'ETURVILLE5@OCN.NE.JP');
insert into AspNetUsers (PasswordHash,Avatar,Id, FullName, Address, EmailConfirmed, SecurityStamp, ConcurrencyStamp, PhoneNumber, PhoneNumberConfirmed, TwoFactorEnabled, LockoutEnabled, AccessFailedCount, Email, UserName, NormalizedUserName, NormalizedEmail) values ('AQAAAAIAAYagAAAAEMUFKxmZVBJLRy0ryQUqzepEyhBKE1sNTHTJ33Vw9Sz1CT8tcO5sQ2Zc9pYH8VCIXA==','https://cdn-icons-png.flaticon.com/512/4727/4727424.png','1931f416-6588-438b-b7cb-2521d5880931', 'Ashlan Rivelin', '140 Anzinger Center', 0, '$2a$04$PyU4sLHtYWLN3qyF5thkB.CZ3ar3PCmEwbyDyBulFHZXDjMDuoMmO', '$2a$04$7hOgDQ9Vhjx/A0QPs6bl1eePkHlDnzjlJpn6xAkWr5xTlmoYdGIEK', '874 789 6073', 0, 0, 1, 0, 'arivelin6@google.fr', 'ARIVELIN6@GOOGLE.FR', 'ARIVELIN6@GOOGLE.FR', 'ARIVELIN6@GOOGLE.FR');
insert into AspNetUsers (PasswordHash,Avatar,Id, FullName, Address, EmailConfirmed, SecurityStamp, ConcurrencyStamp, PhoneNumber, PhoneNumberConfirmed, TwoFactorEnabled, LockoutEnabled, AccessFailedCount, Email, UserName, NormalizedUserName, NormalizedEmail) values ('AQAAAAIAAYagAAAAEMUFKxmZVBJLRy0ryQUqzepEyhBKE1sNTHTJ33Vw9Sz1CT8tcO5sQ2Zc9pYH8VCIXA==','https://cdn-icons-png.flaticon.com/512/4727/4727424.png','dd4ed4e4-72ef-42cf-9988-fbf8816368af', 'Mindy Laming', '38850 Clyde Gallagher Drive', 0, '$2a$04$g3dFOcmZ/vQ4YJyOWf6FHOJL5xQ2EjaPolgyzqvJ/gQjXmmx/Dfta', '$2a$04$eKwkmUHjiBvUtNKVXLbBEuPLmxmpE./YgOGtzxGqtoabVMbFwl95i', '984 701 1898', 0, 0, 1, 0, 'mlaming7@squidoo.com', 'MLAMING7@SQUIDOO.COM', 'MLAMING7@SQUIDOO.COM', 'MLAMING7@SQUIDOO.COM');
insert into AspNetUsers (PasswordHash,Avatar,Id, FullName, Address, EmailConfirmed, SecurityStamp, ConcurrencyStamp, PhoneNumber, PhoneNumberConfirmed, TwoFactorEnabled, LockoutEnabled, AccessFailedCount, Email, UserName, NormalizedUserName, NormalizedEmail) values ('AQAAAAIAAYagAAAAEMUFKxmZVBJLRy0ryQUqzepEyhBKE1sNTHTJ33Vw9Sz1CT8tcO5sQ2Zc9pYH8VCIXA==','https://cdn-icons-png.flaticon.com/512/4727/4727424.png','35258a23-a4de-40d5-b0b8-80a73b565328', 'Keary Gowthorpe', '218 Morrow Park', 0, '$2a$04$zrJ7Ak2fCmadzPcNMrRSieFC6eCTE9CE8nBqruMVvK3fbB1hgYvoC', '$2a$04$wWluIONvhuUelmtAfD5c9usp3Lwj.6wN1JgTuNFjh5IinQ0eESaP2', '825 310 3508', 0, 0, 1, 0, 'kgowthorpe8@who.int', 'KGOWTHORPE8@WHO.INT', 'KGOWTHORPE8@WHO.INT', 'KGOWTHORPE8@WHO.INT');
insert into AspNetUsers (PasswordHash,Avatar,Id, FullName, Address, EmailConfirmed, SecurityStamp, ConcurrencyStamp, PhoneNumber, PhoneNumberConfirmed, TwoFactorEnabled, LockoutEnabled, AccessFailedCount, Email, UserName, NormalizedUserName, NormalizedEmail) values ('AQAAAAIAAYagAAAAEMUFKxmZVBJLRy0ryQUqzepEyhBKE1sNTHTJ33Vw9Sz1CT8tcO5sQ2Zc9pYH8VCIXA==','https://cdn-icons-png.flaticon.com/512/4727/4727424.png','80c4e751-8c08-4e0a-8d8d-13412781fc5a', 'Dana Vine', '83621 Talmadge Trail', 0, '$2a$04$.ljUIQbZiHq.fB4MuHiX6uAJnUq6OUqt7fn8t07tu4eP799kPJy/e', '$2a$04$miJVHVUAkJVJg6QzbQq4heNqNawjUMn0A8iBPji/JuQ9bGS1eORfW', '439 184 4012', 0, 0, 1, 0, 'dvine9@webeden.co.uk', 'DVINE9@WEBEDEN.CO.UK', 'DVINE9@WEBEDEN.CO.UK', 'DVINE9@WEBEDEN.CO.UK');
insert into AspNetUsers (PasswordHash,Avatar,Id, FullName, Address, EmailConfirmed, SecurityStamp, ConcurrencyStamp, PhoneNumber, PhoneNumberConfirmed, TwoFactorEnabled, LockoutEnabled, AccessFailedCount, Email, UserName, NormalizedUserName, NormalizedEmail) values ('AQAAAAIAAYagAAAAEMUFKxmZVBJLRy0ryQUqzepEyhBKE1sNTHTJ33Vw9Sz1CT8tcO5sQ2Zc9pYH8VCIXA==','https://cdn-icons-png.flaticon.com/512/4727/4727424.png','4a7d5cb7-cd50-4189-a582-d88eeb6d0c51', 'Tyson Shortt', '329 Portage Junction', 0, '$2a$04$.x4Tu76DM/JsDEraNbVSbu4lq07tGs0fEcR2/HMxklA2kZenQIasS', '$2a$04$N918aotC1yB3Bgs0KXVlP.ZFzT133A1dFQHHebNRKhMaD.vpcS3me', '394 149 0083', 0, 0, 1, 0, 'tshortta@businesswire.com', 'TSHORTTA@BUSINESSWIRE.COM', 'TSHORTTA@BUSINESSWIRE.COM', 'TSHORTTA@BUSINESSWIRE.COM');
insert into AspNetUsers (PasswordHash,Avatar,Id, FullName, Address, EmailConfirmed, SecurityStamp, ConcurrencyStamp, PhoneNumber, PhoneNumberConfirmed, TwoFactorEnabled, LockoutEnabled, AccessFailedCount, Email, UserName, NormalizedUserName, NormalizedEmail) values ('AQAAAAIAAYagAAAAEMUFKxmZVBJLRy0ryQUqzepEyhBKE1sNTHTJ33Vw9Sz1CT8tcO5sQ2Zc9pYH8VCIXA==','https://cdn-icons-png.flaticon.com/512/4727/4727424.png','cec6f265-dabf-4b8b-b9c2-d10d5fa6c0b8', 'Lou Denecamp', '64 Forest Junction', 0, '$2a$04$P42tQ0owYskjD0YKu5SSF.9hPuVOo6Zycssw2UpEsvamEZ7Ane8Qa', '$2a$04$0hlo4/5a.6PeXO5LT0jO4./vSLvc9UMxtxDrDuHjeiQlK9OuA9MBS', '329 742 2133', 0, 0, 1, 0, 'ldenecampb@w3.org', 'LDENECAMPB@W3.ORG', 'LDENECAMPB@W3.ORG', 'LDENECAMPB@W3.ORG');
insert into AspNetUsers (PasswordHash,Avatar,Id, FullName, Address, EmailConfirmed, SecurityStamp, ConcurrencyStamp, PhoneNumber, PhoneNumberConfirmed, TwoFactorEnabled, LockoutEnabled, AccessFailedCount, Email, UserName, NormalizedUserName, NormalizedEmail) values ('AQAAAAIAAYagAAAAEMUFKxmZVBJLRy0ryQUqzepEyhBKE1sNTHTJ33Vw9Sz1CT8tcO5sQ2Zc9pYH8VCIXA==','https://cdn-icons-png.flaticon.com/512/4727/4727424.png','57ad328e-8799-460b-87d2-aca4c37807c9', 'Ichabod Arni', '29 Pierstorff Alley', 0, '$2a$04$gQV2a9rmJ8AH1P39Z.j42OZx.04gEjJJBAf4Y0eNddfp.Na9TkG66', '$2a$04$bssaLpmU.HriUPbxC3w.xuSfCUjpG6wov5b6pfaxWXgOPp/yw1ta2', '498 801 1934', 0, 0, 1, 0, 'iarnic@google.com.au', 'IARNIC@GOOGLE.COM.AU', 'IARNIC@GOOGLE.COM.AU', 'IARNIC@GOOGLE.COM.AU');
insert into AspNetUsers (PasswordHash,Avatar,Id, FullName, Address, EmailConfirmed, SecurityStamp, ConcurrencyStamp, PhoneNumber, PhoneNumberConfirmed, TwoFactorEnabled, LockoutEnabled, AccessFailedCount, Email, UserName, NormalizedUserName, NormalizedEmail) values ('AQAAAAIAAYagAAAAEMUFKxmZVBJLRy0ryQUqzepEyhBKE1sNTHTJ33Vw9Sz1CT8tcO5sQ2Zc9pYH8VCIXA==','https://cdn-icons-png.flaticon.com/512/4727/4727424.png','14a2e78a-6695-464c-8641-73838464d8ce', 'Belia Sibery', '9 Dexter Crossing', 0, '$2a$04$LcZFIYqvlJBHpyY2Clt28erTQJdLlrR0Liygxqf2G7AAFS/ahdVy2', '$2a$04$LIgMeJWZDtTO3Alu5E/qhOlWzg.6sspGGHOY.d9a54uh8klXAMBFK', '966 958 9055', 0, 0, 1, 0, 'bsiberyd@i2i.jp', 'BSIBERYD@I2I.JP', 'BSIBERYD@I2I.JP', 'BSIBERYD@I2I.JP');
insert into AspNetUsers (PasswordHash,Avatar,Id, FullName, Address, EmailConfirmed, SecurityStamp, ConcurrencyStamp, PhoneNumber, PhoneNumberConfirmed, TwoFactorEnabled, LockoutEnabled, AccessFailedCount, Email, UserName, NormalizedUserName, NormalizedEmail) values ('AQAAAAIAAYagAAAAEMUFKxmZVBJLRy0ryQUqzepEyhBKE1sNTHTJ33Vw9Sz1CT8tcO5sQ2Zc9pYH8VCIXA==','https://cdn-icons-png.flaticon.com/512/4727/4727424.png','40195b1b-83fe-4523-afb7-3882336d0b5c', 'Benson Lowndes', '370 Hovde Avenue', 0, '$2a$04$ZyRo38KsDY0JVwZB84yHwedxw.qJKhHBvnCCKh99oVUPof6WUqjYy', '$2a$04$yzsQhtk8yTF8APkcPhwuaOsToJ4XhoBmVTlsbDIp.ZITO6Ll3ZGKO', '175 647 7736', 0, 0, 1, 0, 'blowndese@unblog.fr', 'BLOWNDESE@UNBLOG.FR', 'BLOWNDESE@UNBLOG.FR', 'BLOWNDESE@UNBLOG.FR');
insert into AspNetUsers (PasswordHash,Avatar,Id, FullName, Address, EmailConfirmed, SecurityStamp, ConcurrencyStamp, PhoneNumber, PhoneNumberConfirmed, TwoFactorEnabled, LockoutEnabled, AccessFailedCount, Email, UserName, NormalizedUserName, NormalizedEmail) values ('AQAAAAIAAYagAAAAEMUFKxmZVBJLRy0ryQUqzepEyhBKE1sNTHTJ33Vw9Sz1CT8tcO5sQ2Zc9pYH8VCIXA==','https://cdn-icons-png.flaticon.com/512/4727/4727424.png','33c75ed0-270a-49dc-88d8-2257dc662edd', 'Des Beggs', '8 Forest Run Terrace', 0, '$2a$04$KwXNZtR4KCk./9YuoTqeJed.DQkGodWGvIr.Wo2IabzAc9FDUUJlq', '$2a$04$b5jh9r7aC1/aGigjKFeNaej/xhFfXyq1aljc2AguJE7/WW7O9O09K', '426 662 3702', 0, 0, 1, 0, 'dbeggsf@amazon.co.jp', 'DBEGGSF@AMAZON.CO.JP', 'DBEGGSF@AMAZON.CO.JP', 'DBEGGSF@AMAZON.CO.JP');
insert into AspNetUsers (PasswordHash,Avatar,Id, FullName, Address, EmailConfirmed, SecurityStamp, ConcurrencyStamp, PhoneNumber, PhoneNumberConfirmed, TwoFactorEnabled, LockoutEnabled, AccessFailedCount, Email, UserName, NormalizedUserName, NormalizedEmail) values ('AQAAAAIAAYagAAAAEMUFKxmZVBJLRy0ryQUqzepEyhBKE1sNTHTJ33Vw9Sz1CT8tcO5sQ2Zc9pYH8VCIXA==','https://cdn-icons-png.flaticon.com/512/4727/4727424.png','6710a380-2f72-4702-96c3-679df14b1cdf', 'Gabe Taylo', '851 Manitowish Point', 0, '$2a$04$7KUmaFBQzi1cE1DfOThdp.MSfa0wDFMggYkPQOlM8GcM4vhJTQVvO', '$2a$04$gdcQ5NsWpbHOx4or2uayQuxkM0Wsl3cs9ZOxRr6/nLXhBtyWm24GK', '594 802 8393', 0, 0, 1, 0, 'gtaylog@si.edu', 'GTAYLOG@SI.EDU', 'GTAYLOG@SI.EDU', 'GTAYLOG@SI.EDU');
insert into AspNetUsers (PasswordHash,Avatar,Id, FullName, Address, EmailConfirmed, SecurityStamp, ConcurrencyStamp, PhoneNumber, PhoneNumberConfirmed, TwoFactorEnabled, LockoutEnabled, AccessFailedCount, Email, UserName, NormalizedUserName, NormalizedEmail) values ('AQAAAAIAAYagAAAAEMUFKxmZVBJLRy0ryQUqzepEyhBKE1sNTHTJ33Vw9Sz1CT8tcO5sQ2Zc9pYH8VCIXA==','https://cdn-icons-png.flaticon.com/512/4727/4727424.png','bf10b33b-06c7-4f04-9f29-d2524af9ed36', 'Napoleon Eatttok', '3 Toban Pass', 0, '$2a$04$/NYtIC12EMGYJ8Kx7fPNm.XVgk31swbLlPEqKsq7Tz0IQJmdYEqGy', '$2a$04$C9iOI.1ggwnr5Kt9b09L9ewN7l0MdGAhQq6MDSFHECiZPsmOxH0hq', '836 539 1942', 0, 0, 1, 0, 'neatttokh@furl.net', 'NEATTTOKH@FURL.NET', 'NEATTTOKH@FURL.NET', 'NEATTTOKH@FURL.NET');
insert into AspNetUsers (PasswordHash,Avatar,Id, FullName, Address, EmailConfirmed, SecurityStamp, ConcurrencyStamp, PhoneNumber, PhoneNumberConfirmed, TwoFactorEnabled, LockoutEnabled, AccessFailedCount, Email, UserName, NormalizedUserName, NormalizedEmail) values ('AQAAAAIAAYagAAAAEMUFKxmZVBJLRy0ryQUqzepEyhBKE1sNTHTJ33Vw9Sz1CT8tcO5sQ2Zc9pYH8VCIXA==','https://cdn-icons-png.flaticon.com/512/4727/4727424.png','a743e191-9e45-46fc-8a35-9053a8343ac8', 'Carlin Pinckney', '0 Buena Vista Crossing', 0, '$2a$04$arEXbtX.r2BAzdh9jzuuAOVsN2MIjBG./UTOEP.MQBxpVXSFr7cZa', '$2a$04$Ptv9lqF3YB8T5SgGrx0pFOuR5WlAirzR4gkFgm8Qxl7gRvtrExFTC', '690 877 6206', 0, 0, 1, 0, 'cpinckneyi@nyu.edu', 'CPINCKNEYI@NYU.EDU', 'CPINCKNEYI@NYU.EDU', 'CPINCKNEYI@NYU.EDU');
insert into AspNetUsers (PasswordHash,Avatar,Id, FullName, Address, EmailConfirmed, SecurityStamp, ConcurrencyStamp, PhoneNumber, PhoneNumberConfirmed, TwoFactorEnabled, LockoutEnabled, AccessFailedCount, Email, UserName, NormalizedUserName, NormalizedEmail) values ('AQAAAAIAAYagAAAAEMUFKxmZVBJLRy0ryQUqzepEyhBKE1sNTHTJ33Vw9Sz1CT8tcO5sQ2Zc9pYH8VCIXA==','https://cdn-icons-png.flaticon.com/512/4727/4727424.png','49fe1a18-c93d-4f94-b28e-121db0ea7e18', 'Ricky Kilius', '1 Hazelcrest Lane', 0, '$2a$04$iPUjTFL/Fv8uqrhNPdzZVuWemR0/H8zvLNalDANdYHPQ86Q5bOGJy', '$2a$04$ePVDc9.gB7rxE7jvdMCauOveDmBekFXqOUYjUFLYD9qWVB3LMo77O', '584 739 0127', 0, 0, 1, 0, 'rkiliusj@gov.uk', 'RKILIUSJ@GOV.UK', 'RKILIUSJ@GOV.UK', 'RKILIUSJ@GOV.UK');
