insert into AspNetRoles(Id, Name, NormalizedName, ConcurrencyStamp)
Values('25501994-44dd-44b8-bb7d-1b2af376f1be','Admin','Admin', '1')
  
insert into AspNetRoles(Id, Name, NormalizedName, ConcurrencyStamp)
Values('32b89678-1f5d-43c8-8dbd-4251902bdfa4','Trainer','Trainer', '2')

insert into AspNetRoles(Id, Name, NormalizedName, ConcurrencyStamp)
Values('345996a0-0f9e-4f4e-a7a5-1cbc7a110cc7','Student','Student', '3')

-- app user for trainer
insert into AspNetUsers (PasswordHash,Avatar,Id, FullName, Address, EmailConfirmed, SecurityStamp, ConcurrencyStamp, PhoneNumber, PhoneNumberConfirmed, TwoFactorEnabled, LockoutEnabled, AccessFailedCount, Email, UserName, NormalizedUserName, NormalizedEmail) values ('AQAAAAIAAYagAAAAEMUFKxmZVBJLRy0ryQUqzepEyhBKE1sNTHTJ33Vw9Sz1CT8tcO5sQ2Zc9pYH8VCIXA==','https://upload.wikimedia.org/wikipedia/commons/0/0f/A._Schwarzenegger.jpg','e90ce767-1860-485f-be9c-dcb2bc96511f', 'Arnold Schwarzenegger', 'Thal, Austria', 0, '$2a$04$UlBYwaI/G7PP.vo3lhh48OI4bP4OTzPqKX9/XHBsC2HdZ0nrv2rOa', '$2a$04$BG5KC/6R7jM2YZNdtGzlCeVw5nJ.tI0ItOpfzCvcD6e6F4u2noWb2', '971-972-4702', 0, 0, 1, 0, 'Arnold_Schwarzenegger@rambler.ru', 'Arnold_Schwarzenegger@RAMBLER.RU', 'ARNOLD_SCHWARZENEGGER@RAMBLER.RU', 'ARNOLD_SCHWARZENEGGER@RAMBLER.RU');

insert into AspNetUsers (PasswordHash,Avatar,Id, FullName, Address, EmailConfirmed, SecurityStamp, ConcurrencyStamp, PhoneNumber, PhoneNumberConfirmed, TwoFactorEnabled, LockoutEnabled, AccessFailedCount, Email, UserName, NormalizedUserName, NormalizedEmail) values ('AQAAAAIAAYagAAAAEMUFKxmZVBJLRy0ryQUqzepEyhBKE1sNTHTJ33Vw9Sz1CT8tcO5sQ2Zc9pYH8VCIXA==','https://qph.cf2.quoracdn.net/main-qimg-2be8df7a9b953f72b11820e4be809ee1-lq','fc1cd8a2-bbfd-4cbf-b44f-c4c7e77cd769', 'Ronnie Coleman', 'Monroe, Louisiana, United States', 0, '$2a$04$405D4OYK1ovl56CElKUD.eONWfEH69X3EANokZO3f3wIGT11cN9OK', '$2a$04$2CAWVNaBNHSCIsqf76zy6.SYhJQe0R5VuOoikXJomweOqYmCArCO2', '881 611 3160', 0, 0, 1, 0, 'Ronnie_Coleman@samsung.com', 'Ronnie_Coleman@SAMSUNG.COM', 'RONNIE_COLEMAN@SAMSUNG.COM', 'RONNIE_COLEMAN@SAMSUNG.COM');

insert into AspNetUsers (PasswordHash,Avatar,Id, FullName, Address, EmailConfirmed, SecurityStamp, ConcurrencyStamp, PhoneNumber, PhoneNumberConfirmed, TwoFactorEnabled, LockoutEnabled, AccessFailedCount, Email, UserName, NormalizedUserName, NormalizedEmail) values ('AQAAAAIAAYagAAAAEMUFKxmZVBJLRy0ryQUqzepEyhBKE1sNTHTJ33Vw9Sz1CT8tcO5sQ2Zc9pYH8VCIXA==','https://external-preview.redd.it/4VOfhCdsYxUk7Q02PQXE3PJj4FAuwX8GukT2RQcI_BY.jpg?auto=webp&s=e6299c1fd5eef10ad133b5573d64b25291703991','08eec65c-8aab-4499-a57f-52cf0486c35a', 'Jay Cutler', 'Sterling, Massachusetts, United States', 0, '$2a$04$Y//wUiZo3.386/hoD739cOpSqQWtds45BeMF3SXWLYbXGR34l9o5a', '$2a$04$Ec5qIr/TH7WArMW9P6Cwi.iMkfzWl.aR6gBjANxFjUYvX2dVayB5S', '286 718 9312', 0, 0, 1, 0, 'Jay_Cutler@typepad.com', 'Jay_Cutler@TYPEPAD.COM', 'JAY_CUTLER@TYPEPAD.COM', 'JAY_CUTLER@TYPEPAD.COM');

insert into AspNetUsers (PasswordHash,Avatar,Id, FullName, Address, EmailConfirmed, SecurityStamp, ConcurrencyStamp, PhoneNumber, PhoneNumberConfirmed, TwoFactorEnabled, LockoutEnabled, AccessFailedCount, Email, UserName, NormalizedUserName, NormalizedEmail) values ('AQAAAAIAAYagAAAAEMUFKxmZVBJLRy0ryQUqzepEyhBKE1sNTHTJ33Vw9Sz1CT8tcO5sQ2Zc9pYH8VCIXA==','https://encrypted-tbn0.gstatic.com/images?q=tbn:ANd9GcSMQWC4lsy3HMlnOtN4ZMCL3oLbCRLf8bC3hQ&s','43328814-f5f0-4d9f-ba58-f4a74331f51a', 'Dwayne "The Rock" Johnson', 'Hayward, California, United States', 0, '$2a$04$tiSCWPKi0EAg4I.YqXD3s.XRt0SKVy4a1Vgn139r8VA/afMfVzGxC', '$2a$04$Skn9mSp2u4wG5ifeOmu.ReqiTjyV.iHC7AgK9GL/uugZjDZh/kQEa', '673 789 7777', 0, 0, 1, 0, 'Dwayne_Johnson@tuttocitta.it', 'Dwayne_Johnson@TUTTOCITTA.IT', 'DWAYNE_JOHNSON@TUTTOCITTA.IT', 'DWAYNE_JOHNSON@TUTTOCITTA.IT');

insert into AspNetUsers (PasswordHash,Avatar,Id, FullName, Address, EmailConfirmed, SecurityStamp, ConcurrencyStamp, PhoneNumber, PhoneNumberConfirmed, TwoFactorEnabled, LockoutEnabled, AccessFailedCount, Email, UserName, NormalizedUserName, NormalizedEmail) values ('AQAAAAIAAYagAAAAEMUFKxmZVBJLRy0ryQUqzepEyhBKE1sNTHTJ33Vw9Sz1CT8tcO5sQ2Zc9pYH8VCIXA==','https://yt3.googleusercontent.com/ytc/AIdro_ldS_qAdpdEWb7yY6U52SO8QOxT3KtHWWBJGg3w0o9ZD2Q=s900-c-k-c0x00ffffff-no-rj','dc51a9dc-55dc-4aa1-b408-749c7e32b2c3', 'Simeon Panda', 'London, England', 0, '$2a$04$gGG0QDtr.KiU8T3beC6aEeEwqbGnxWqlkyPQr8PbxDiL7xYuKvCi6', '$2a$04$wYB71Yob8ionQyygMxjZYe8hnw0PE8nNc0UcFgCFN1kM/22I7ni6K', '593 974 5832', 0, 0, 1, 0, 'Simeon_Panda@cbc.ca', 'Simeon_Panda@CBC.CA', 'SIMEON_PANDA@CBC.CA', 'SIMEON_PANDA@CBC.CA');

insert into AspNetUsers (PasswordHash,Avatar,Id, FullName, Address, EmailConfirmed, SecurityStamp, ConcurrencyStamp, PhoneNumber, PhoneNumberConfirmed, TwoFactorEnabled, LockoutEnabled, AccessFailedCount, Email, UserName, NormalizedUserName, NormalizedEmail) values ('AQAAAAIAAYagAAAAEMUFKxmZVBJLRy0ryQUqzepEyhBKE1sNTHTJ33Vw9Sz1CT8tcO5sQ2Zc9pYH8VCIXA==','https://i.redd.it/xokw9t7khfv41.jpg','2343b181-ba69-431f-ad8d-e9b9efaf518b', 'Chris Bumstead', 'Ottawa, Canada', 0, '$2a$04$gF8I3aNJYO8oGoOb3DS4S.plFjJpr1uxBCzWcXrIPdSSof7L6sm5i', '$2a$04$tqCHglUggjNuonjt781oVOLraHSY6WbwCzbZyqWxSV0Wu4vgUyfae', '231 554 5625', 0, 0, 1, 0, 'Chris_Bumstead@ocn.ne.jp', 'Chris_Bumstead@OCN.NE.JP', 'CHRIS_BUMSTEAD@OCN.NE.JP', 'CHRIS_BUMSTEAD@OCN.NE.JP');

insert into AspNetUsers (PasswordHash,Avatar,Id, FullName, Address, EmailConfirmed, SecurityStamp, ConcurrencyStamp, PhoneNumber, PhoneNumberConfirmed, TwoFactorEnabled, LockoutEnabled, AccessFailedCount, Email, UserName, NormalizedUserName, NormalizedEmail) values ('AQAAAAIAAYagAAAAEMUFKxmZVBJLRy0ryQUqzepEyhBKE1sNTHTJ33Vw9Sz1CT8tcO5sQ2Zc9pYH8VCIXA==','https://upload.wikimedia.org/wikipedia/commons/thumb/c/cc/Phil_Heath.JPG/640px-Phil_Heath.JPG','49fe1a18-c93d-4f94-b28e-121db0ea7e18', 'Phil Heath', 'Seattle, Washington, United States', 0, '$2a$04$iPUjTFL/Fv8uqrhNPdzZVuWemR0/H8zvLNalDANdYHPQ86Q5bOGJy', '$2a$04$ePVDc9.gB7rxE7jvdMCauOveDmBekFXqOUYjUFLYD9qWVB3LMo77O', '504-603-9370', 0, 0, 1, 0, 'Phil_Heath@gmail.com', 'Phil_Heath@gmail.com', 'PHIL_HEATH@gmail.com', 'PHIL_HEATH@gmail.com');

insert into AspNetUsers (PasswordHash,Avatar,Id, FullName, Address, EmailConfirmed, SecurityStamp, ConcurrencyStamp, PhoneNumber, PhoneNumberConfirmed, TwoFactorEnabled, LockoutEnabled, AccessFailedCount, Email, UserName, NormalizedUserName, NormalizedEmail) values ('AQAAAAIAAYagAAAAEMUFKxmZVBJLRy0ryQUqzepEyhBKE1sNTHTJ33Vw9Sz1CT8tcO5sQ2Zc9pYH8VCIXA==','https://i.pinimg.com/736x/59/b7/39/59b73905d7b67a747bdc5182d4c4fd89.jpg','49fe1a18-c93d-4f94-b28e-121db0eee18a', 'Kai Greene', 'Brooklyn, New York, United States', 0, '$2a$04$iPUjTFL/Fv8uqrhNPdzZVuWemR0/H8zvLNalDANdYHPQ86Q5bOGJy', '$2a$04$ePVDc9.gB7rxE7jvdMCauOveDmBekFXqOUYjUFLYD9qWVB3LMo77O', '891-121-5823', 0, 0, 1, 0, 'Kai_Greene@gmail.com', 'Kai_Greene@gmail.com', 'KAI_GREENE@gmail.com', 'KAI_GREENE@gmail.com');

insert into AspNetUsers (PasswordHash,Avatar,Id, FullName, Address, EmailConfirmed, SecurityStamp, ConcurrencyStamp, PhoneNumber, PhoneNumberConfirmed, TwoFactorEnabled, LockoutEnabled, AccessFailedCount, Email, UserName, NormalizedUserName, NormalizedEmail) values ('AQAAAAIAAYagAAAAEMUFKxmZVBJLRy0ryQUqzepEyhBKE1sNTHTJ33Vw9Sz1CT8tcO5sQ2Zc9pYH8VCIXA==','https://i.pinimg.com/736x/d3/fc/a0/d3fca0e0e8742f8f480f6ce8bb0b7790.jpg','49fe1a18-dhyu-4f94-b28e-121db0ea7e18', 'Jeff Cavaliere', 'Connecticut, USA', 0, '$2a$04$iPUjTFL/Fv8uqrhNPdzZVuWemR0/H8zvLNalDANdYHPQ86Q5bOGJy', '$2a$04$ePVDc9.gB7rxE7jvdMCauOveDmBekFXqOUYjUFLYD9qWVB3LMo77O', '651-213-7918', 0, 0, 1, 0, 'Jeff_Cavaliere@gmail.com', 'Jeff_Cavaliere@gmail.com', 'JEFF_CAVALIERE@gmail.com', 'JEFF_CAVALIERE@gmail.com');

insert into AspNetUsers (PasswordHash,Avatar,Id, FullName, Address, EmailConfirmed, SecurityStamp, ConcurrencyStamp, PhoneNumber, PhoneNumberConfirmed, TwoFactorEnabled, LockoutEnabled, AccessFailedCount, Email, UserName, NormalizedUserName, NormalizedEmail) values ('AQAAAAIAAYagAAAAEMUFKxmZVBJLRy0ryQUqzepEyhBKE1sNTHTJ33Vw9Sz1CT8tcO5sQ2Zc9pYH8VCIXA==','https://www.greatestphysiques.com/wp-content/uploads/2017/07/Mike-Rashid.07.jpg','49fe1a18-aa3d-4f94-b28e-121db0ea7e18', 'Mike Rashid', 'Brooklyn, New York, USA', 0, '$2a$04$iPUjTFL/Fv8uqrhNPdzZVuWemR0/H8zvLNalDANdYHPQ86Q5bOGJy', '$2a$04$ePVDc9.gB7rxE7jvdMCauOveDmBekFXqOUYjUFLYD9qWVB3LMo77O', '316-899-9888', 0, 0, 1, 0, 'Mike_Rashid@gmail.com', 'Mike_Rashid@gmail.com', 'MIKE_RASHID@gmail.com', 'MIKE_RASHID@gmail.com');

insert into AspNetUsers (PasswordHash,Avatar,Id, FullName, Address, EmailConfirmed, SecurityStamp, ConcurrencyStamp, PhoneNumber, PhoneNumberConfirmed, TwoFactorEnabled, LockoutEnabled, AccessFailedCount, Email, UserName, NormalizedUserName, NormalizedEmail) values ('AQAAAAIAAYagAAAAEMUFKxmZVBJLRy0ryQUqzepEyhBKE1sNTHTJ33Vw9Sz1CT8tcO5sQ2Zc9pYH8VCIXA==','https://i1.sndcdn.com/artworks-000101032819-s3ufad-t500x500.jpg','jjfe1a18-c93d-4f94-b28e-121db0ea7e18', 'Ulisses Jr.', 'New York, USA', 0, '$2a$04$iPUjTFL/Fv8uqrhNPdzZVuWemR0/H8zvLNalDANdYHPQ86Q5bOGJy', '$2a$04$ePVDc9.gB7rxE7jvdMCauOveDmBekFXqOUYjUFLYD9qWVB3LMo77O', '821-419-4599', 0, 0, 1, 0, 'Ulisses_Jr.@gmail.com', 'Ulisses_Jr.@gmail.com', 'ULISSES_JR.@gmail.com', 'ULISSES_JR.@gmail.com');

insert into AspNetUsers (PasswordHash,Avatar,Id, FullName, Address, EmailConfirmed, SecurityStamp, ConcurrencyStamp, PhoneNumber, PhoneNumberConfirmed, TwoFactorEnabled, LockoutEnabled, AccessFailedCount, Email, UserName, NormalizedUserName, NormalizedEmail) values ('AQAAAAIAAYagAAAAEMUFKxmZVBJLRy0ryQUqzepEyhBKE1sNTHTJ33Vw9Sz1CT8tcO5sQ2Zc9pYH8VCIXA==','https://muscleinsider.com/sites/default/files/styles/node_gallery_display/public/CALUM_VON_MOGER_UNDERGOES_SPINAL_SURGERY.png?itok=fMDVa9Mr','49fe1h68-c93d-4f94-b28e-121db0ea7e18', 'Calum Von Moger', 'Victoria, Australia', 0, '$2a$04$iPUjTFL/Fv8uqrhNPdzZVuWemR0/H8zvLNalDANdYHPQ86Q5bOGJy', '$2a$04$ePVDc9.gB7rxE7jvdMCauOveDmBekFXqOUYjUFLYD9qWVB3LMo77O', '502-694-1145', 0, 0, 1, 0, 'Calum_Von_Moger@gmail.com', 'Calum_Von_Moger@gmail.com', 'CALUM_VON_MOGER@gmail.com', 'CALUM_VON_MOGER@gmail.com');

insert into AspNetUsers (PasswordHash,Avatar,Id, FullName, Address, EmailConfirmed, SecurityStamp, ConcurrencyStamp, PhoneNumber, PhoneNumberConfirmed, TwoFactorEnabled, LockoutEnabled, AccessFailedCount, Email, UserName, NormalizedUserName, NormalizedEmail) values ('AQAAAAIAAYagAAAAEMUFKxmZVBJLRy0ryQUqzepEyhBKE1sNTHTJ33Vw9Sz1CT8tcO5sQ2Zc9pYH8VCIXA==','https://encrypted-tbn0.gstatic.com/images?q=tbn:ANd9GcQhboK_eKhXhrqCZBfBG8qCnWaECGHWpUPMvA&s','49fe1a18-c93d-4f94-t28e-121db0ea7e18', 'Steve Cook', 'Boise, Idaho, United States', 0, '$2a$04$iPUjTFL/Fv8uqrhNPdzZVuWemR0/H8zvLNalDANdYHPQ86Q5bOGJy', '$2a$04$ePVDc9.gB7rxE7jvdMCauOveDmBekFXqOUYjUFLYD9qWVB3LMo77O', '170-429-3567', 0, 0, 1, 0, 'Steve_Cook@gmail.com', 'Steve_Cook@gmail.com', 'STEVE_COOK@gmail.com', 'STEVE_COOK@gmail.com');

insert into AspNetUsers (PasswordHash,Avatar,Id, FullName, Address, EmailConfirmed, SecurityStamp, ConcurrencyStamp, PhoneNumber, PhoneNumberConfirmed, TwoFactorEnabled, LockoutEnabled, AccessFailedCount, Email, UserName, NormalizedUserName, NormalizedEmail) values ('AQAAAAIAAYagAAAAEMUFKxmZVBJLRy0ryQUqzepEyhBKE1sNTHTJ33Vw9Sz1CT8tcO5sQ2Zc9pYH8VCIXA==','https://imageio.forbes.com/specials-images/imageserve/58d2cb2fa7ea431f321b9771/0x0.jpg?format=jpg&crop=1305,1306,x733,y88,safe&height=416&width=416&fit=bounds','49ft5a18-c93d-4f94-b28e-121db0ea7e18', 'Michelle Lewin', 'Maracay, Venezuela', 0, '$2a$04$iPUjTFL/Fv8uqrhNPdzZVuWemR0/H8zvLNalDANdYHPQ86Q5bOGJy', '$2a$04$ePVDc9.gB7rxE7jvdMCauOveDmBekFXqOUYjUFLYD9qWVB3LMo77O', '716-810-8613', 0, 0, 1, 0, 'Michelle_Lewin@gmail.com', 'Michelle_Lewin@gmail.com', 'MICHELLE_LEWIN@gmail.com', 'MICHELLE_LEWIN@gmail.com');

insert into AspNetUsers (PasswordHash,Avatar,Id, FullName, Address, EmailConfirmed, SecurityStamp, ConcurrencyStamp, PhoneNumber, PhoneNumberConfirmed, TwoFactorEnabled, LockoutEnabled, AccessFailedCount, Email, UserName, NormalizedUserName, NormalizedEmail) values ('AQAAAAIAAYagAAAAEMUFKxmZVBJLRy0ryQUqzepEyhBKE1sNTHTJ33Vw9Sz1CT8tcO5sQ2Zc9pYH8VCIXA==','https://i.pinimg.com/736x/87/99/4b/87994be3929439a90bc166c67639678a.jpg','49fe1a18-c93d-4f94-b44e-121db0ea7e18', 'Dana Linn Bailey', 'Reading, Pennsylvania, United States', 0, '$2a$04$iPUjTFL/Fv8uqrhNPdzZVuWemR0/H8zvLNalDANdYHPQ86Q5bOGJy', '$2a$04$ePVDc9.gB7rxE7jvdMCauOveDmBekFXqOUYjUFLYD9qWVB3LMo77O', '305-699-1502', 0, 0, 1, 0, 'Dana_Linn_Bailey@gmail.com', 'Dana_Linn_Bailey@gmail.com', 'DANA_LINN_BAILEY@gmail.com', 'DANA_LINN_BAILEY@gmail.com');

insert into AspNetUsers (PasswordHash,Avatar,Id, FullName, Address, EmailConfirmed, SecurityStamp, ConcurrencyStamp, PhoneNumber, PhoneNumberConfirmed, TwoFactorEnabled, LockoutEnabled, AccessFailedCount, Email, UserName, NormalizedUserName, NormalizedEmail) values ('AQAAAAIAAYagAAAAEMUFKxmZVBJLRy0ryQUqzepEyhBKE1sNTHTJ33Vw9Sz1CT8tcO5sQ2Zc9pYH8VCIXA==','https://i.pinimg.com/736x/eb/6f/f5/eb6ff52a4286033d9c70662b1cc67d16.jpg','49fwwa18-c93d-4f94-b28e-121db0ea7e18', 'Andrei Deiu', 'Romania, Europe', 0, '$2a$04$iPUjTFL/Fv8uqrhNPdzZVuWemR0/H8zvLNalDANdYHPQ86Q5bOGJy', '$2a$04$ePVDc9.gB7rxE7jvdMCauOveDmBekFXqOUYjUFLYD9qWVB3LMo77O', '252-573-9905', 0, 0, 1, 0, 'Andrei_Deiu@gmail.com', 'Andrei_Deiu@gmail.com', 'ANDREI_DEIU@gmail.com', 'ANDREI_DEIU@gmail.com');

insert into AspNetUsers (PasswordHash,Avatar,Id, FullName, Address, EmailConfirmed, SecurityStamp, ConcurrencyStamp, PhoneNumber, PhoneNumberConfirmed, TwoFactorEnabled, LockoutEnabled, AccessFailedCount, Email, UserName, NormalizedUserName, NormalizedEmail) values ('AQAAAAIAAYagAAAAEMUFKxmZVBJLRy0ryQUqzepEyhBKE1sNTHTJ33Vw9Sz1CT8tcO5sQ2Zc9pYH8VCIXA==','https://www.greatestphysiques.com/wp-content/uploads/2017/05/bradley-martyn-besides-dumbbell-rack-looking-at-himself-in-the-mirror.jpg','49fe1a18-c93d-4f94-b28e-121dmkka7e18', 'Bradley Martyn', 'San Francisco Bay Area, California, United States', 0, '$2a$04$iPUjTFL/Fv8uqrhNPdzZVuWemR0/H8zvLNalDANdYHPQ86Q5bOGJy', '$2a$04$ePVDc9.gB7rxE7jvdMCauOveDmBekFXqOUYjUFLYD9qWVB3LMo77O', '216-964-1207', 0, 0, 1, 0, 'Bradley_Martyn@gmail.com', 'Bradley_Martyn@gmail.com', 'BRADLEY_MARTYN@gmail.com', 'BRADLEY_MARTYN@gmail.com');

insert into AspNetUsers (PasswordHash,Avatar,Id, FullName, Address, EmailConfirmed, SecurityStamp, ConcurrencyStamp, PhoneNumber, PhoneNumberConfirmed, TwoFactorEnabled, LockoutEnabled, AccessFailedCount, Email, UserName, NormalizedUserName, NormalizedEmail) values ('AQAAAAIAAYagAAAAEMUFKxmZVBJLRy0ryQUqzepEyhBKE1sNTHTJ33Vw9Sz1CT8tcO5sQ2Zc9pYH8VCIXA==','https://yt3.googleusercontent.com/ytc/AIdro_mekKzu4XyG9j_wjS6DSLslac3O-JUbO7DJQSZEzXPe7-M=s900-c-k-c0x00ffffff-no-rj','49fe1a18-c93d-4f94-hjki-121db0ea7e18', 'Lazar Angelov', 'Sofia, Bulgaria', 0, '$2a$04$iPUjTFL/Fv8uqrhNPdzZVuWemR0/H8zvLNalDANdYHPQ86Q5bOGJy', '$2a$04$ePVDc9.gB7rxE7jvdMCauOveDmBekFXqOUYjUFLYD9qWVB3LMo77O', '998-185-5096', 0, 0, 1, 0, 'Lazar_Angelov@gmail.com', 'Lazar_Angelov@gmail.com', 'LAZAR_ANGELOV@gmail.com', 'LAZAR_ANGELOV@gmail.com');


-- app user for student
insert into AspNetUsers (PasswordHash,Avatar,Id, FullName, Address, EmailConfirmed, SecurityStamp, ConcurrencyStamp, PhoneNumber, PhoneNumberConfirmed, TwoFactorEnabled, LockoutEnabled, AccessFailedCount, Email, UserName, NormalizedUserName, NormalizedEmail) values ('AQAAAAIAAYagAAAAEMUFKxmZVBJLRy0ryQUqzepEyhBKE1sNTHTJ33Vw9Sz1CT8tcO5sQ2Zc9pYH8VCIXA==','https://static1.squarespace.com/static/656f4e4dababbd7c042c4946/657236350931ee4538eea52c/65baf15103d8ad2826032a8a/1727029299965/how-to-stop-being-a-people-pleaser-1_1.jpg?format=1500w','2f0df4d2-9e63-4ff6-a8d2-96617f115f59', 'Bertha Zemlak', '77868 Emory Ports',0, '$2a$04$UlBYwaI/G7PP.vo3lhh48OI4bP4OTzPqKX9/XHBsC2HdZ0nrv2rOa', '$2a$04$BG5KC/6R7jM2YZNdtGzlCeVw5nJ.tI0ItOpfzCvcD6e6F4u2noWb2', '538-738-5038', 0, 0, 1, 0, 'Bertha_Zemlak@gmail.com', 'Bertha_Zemlak@gmail.com', 'BERTHA_ZEMLAK@GMAIL.com', 'BERTHA_ZEMLAK@GMAIL.com');


insert into AspNetUsers (PasswordHash,Avatar,Id, FullName, Address, EmailConfirmed, SecurityStamp, ConcurrencyStamp, PhoneNumber, PhoneNumberConfirmed, TwoFactorEnabled, LockoutEnabled, AccessFailedCount, Email, UserName, NormalizedUserName, NormalizedEmail) values ('AQAAAAIAAYagAAAAEMUFKxmZVBJLRy0ryQUqzepEyhBKE1sNTHTJ33Vw9Sz1CT8tcO5sQ2Zc9pYH8VCIXA==','https://politics.princeton.edu/sites/default/files/styles/square/public/images/p-5.jpeg?h=87dbaab7&itok=ub6jAL5Q','bed0536f-6c4f-4c00-babd-98eb676aedba', 'Brandi Hettinger', '124 Lesly Spring',0, '$2a$04$UlBYwaI/G7PP.vo3lhh48OI4bP4OTzPqKX9/XHBsC2HdZ0nrv2rOa', '$2a$04$BG5KC/6R7jM2YZNdtGzlCeVw5nJ.tI0ItOpfzCvcD6e6F4u2noWb2', '421-882-8095', 0, 0, 1, 0, 'Brandi_Hettinger@gmail.com', 'Brandi_Hettinger@gmail.com', 'BRANDI_HETTINGER@GMAIL.com', 'BRANDI_HETTINGER@GMAIL.com');

insert into AspNetUsers (PasswordHash,Avatar,Id, FullName, Address, EmailConfirmed, SecurityStamp, ConcurrencyStamp, PhoneNumber, PhoneNumberConfirmed, TwoFactorEnabled, LockoutEnabled, AccessFailedCount, Email, UserName, NormalizedUserName, NormalizedEmail) values ('AQAAAAIAAYagAAAAEMUFKxmZVBJLRy0ryQUqzepEyhBKE1sNTHTJ33Vw9Sz1CT8tcO5sQ2Zc9pYH8VCIXA==','https://static.vecteezy.com/system/resources/thumbnails/004/834/925/small_2x/multiracial-group-of-young-people-taking-selfie-photo.jpg','5b832f49-f67f-49d5-b3a3-1252a21cb38e', 'Jenna Sawayn', '270 Malachi Squares',0, '$2a$04$UlBYwaI/G7PP.vo3lhh48OI4bP4OTzPqKX9/XHBsC2HdZ0nrv2rOa', '$2a$04$BG5KC/6R7jM2YZNdtGzlCeVw5nJ.tI0ItOpfzCvcD6e6F4u2noWb2', '990-287-4674', 0, 0, 1, 0, 'Jenna_Sawayn@gmail.com', 'Jenna_Sawayn@gmail.com', 'JENNA_SAWAYN@GMAIL.com', 'JENNA_SAWAYN@GMAIL.com');

insert into AspNetUsers (PasswordHash,Avatar,Id, FullName, Address, EmailConfirmed, SecurityStamp, ConcurrencyStamp, PhoneNumber, PhoneNumberConfirmed, TwoFactorEnabled, LockoutEnabled, AccessFailedCount, Email, UserName, NormalizedUserName, NormalizedEmail) values ('AQAAAAIAAYagAAAAEMUFKxmZVBJLRy0ryQUqzepEyhBKE1sNTHTJ33Vw9Sz1CT8tcO5sQ2Zc9pYH8VCIXA==','https://cdn-01.cms-ap-v2i.applyflow.com/pinnacle-people/wp-content/uploads/2023/09/slide-2.png','2c67dfea-8fec-4c6f-b4ef-a887bd41f008', 'Casey Dooley', '977 Josiane Route',0, '$2a$04$UlBYwaI/G7PP.vo3lhh48OI4bP4OTzPqKX9/XHBsC2HdZ0nrv2rOa', '$2a$04$BG5KC/6R7jM2YZNdtGzlCeVw5nJ.tI0ItOpfzCvcD6e6F4u2noWb2', '930-413-6602', 0, 0, 1, 0, 'Casey_Dooley@gmail.com', 'Casey_Dooley@gmail.com', 'CASEY_DOOLEY@GMAIL.com', 'CASEY_DOOLEY@GMAIL.com');


insert into AspNetUsers (PasswordHash,Avatar,Id, FullName, Address, EmailConfirmed, SecurityStamp, ConcurrencyStamp, PhoneNumber, PhoneNumberConfirmed, TwoFactorEnabled, LockoutEnabled, AccessFailedCount, Email, UserName, NormalizedUserName, NormalizedEmail) values ('AQAAAAIAAYagAAAAEMUFKxmZVBJLRy0ryQUqzepEyhBKE1sNTHTJ33Vw9Sz1CT8tcO5sQ2Zc9pYH8VCIXA==','https://people.com/thmb/sEU4QSHyCBepK9-6JwNVUGZAgtY=/4000x0/filters:no_upscale():max_bytes(150000):strip_icc():focal(449x0:451x2)/people-headshot-lauren-lieberman-830b33fdd4cc4c4bbc6e71ebd84dd633.jpg','ed5bd378-d7f2-45c6-acb7-32990fff3752', 'Mrs. Lisa Windler', 'Justina Forges',0, '$2a$04$UlBYwaI/G7PP.vo3lhh48OI4bP4OTzPqKX9/XHBsC2HdZ0nrv2rOa', '$2a$04$BG5KC/6R7jM2YZNdtGzlCeVw5nJ.tI0ItOpfzCvcD6e6F4u2noWb2', '351-109-2179', 0, 0, 1, 0, 'Lisa_Windler@gmail.com', 'Lisa_Windler@gmail.com', 'LISA_WINDLER@GMAIL.com', 'LISA_WINDLER@GMAIL.com');

insert into AspNetUsers (PasswordHash,Avatar,Id, FullName, Address, EmailConfirmed, SecurityStamp, ConcurrencyStamp, PhoneNumber, PhoneNumberConfirmed, TwoFactorEnabled, LockoutEnabled, AccessFailedCount, Email, UserName, NormalizedUserName, NormalizedEmail) values ('AQAAAAIAAYagAAAAEMUFKxmZVBJLRy0ryQUqzepEyhBKE1sNTHTJ33Vw9Sz1CT8tcO5sQ2Zc9pYH8VCIXA==','https://www.covenanthouse.org/sites/default/files/styles/805x740/public/2023-08/bipoc-youth.jpg.webp?itok=0gtkoEHM','b9ea1881-57e1-469a-a2dd-9922a05994bf', 'Darin Connell', '6843 Cordell Mount',0, '$2a$04$UlBYwaI/G7PP.vo3lhh48OI4bP4OTzPqKX9/XHBsC2HdZ0nrv2rOa', '$2a$04$BG5KC/6R7jM2YZNdtGzlCeVw5nJ.tI0ItOpfzCvcD6e6F4u2noWb2', '924-241-4353', 0, 0, 1, 0, 'Darin_Connell@gmail.com', 'Darin_Connell@gmail.com', 'DARIN_CONNELL@GMAIL.com', 'DARIN_CONNELL@GMAIL.com');

insert into AspNetUsers (PasswordHash,Avatar,Id, FullName, Address, EmailConfirmed, SecurityStamp, ConcurrencyStamp, PhoneNumber, PhoneNumberConfirmed, TwoFactorEnabled, LockoutEnabled, AccessFailedCount, Email, UserName, NormalizedUserName, NormalizedEmail) values ('AQAAAAIAAYagAAAAEMUFKxmZVBJLRy0ryQUqzepEyhBKE1sNTHTJ33Vw9Sz1CT8tcO5sQ2Zc9pYH8VCIXA==','https://encrypted-tbn0.gstatic.com/images?q=tbn:ANd9GcTcj2_Ehd24LTZspXISSGHMQVDj8syMNso6dQ&s','122a05cc-c431-424d-b528-c6c8b5a0883a', 'Levi Reynolds', '5704 Earl Knoll',0, '$2a$04$UlBYwaI/G7PP.vo3lhh48OI4bP4OTzPqKX9/XHBsC2HdZ0nrv2rOa', '$2a$04$BG5KC/6R7jM2YZNdtGzlCeVw5nJ.tI0ItOpfzCvcD6e6F4u2noWb2', '584-695-6606', 0, 0, 1, 0, 'Levi_Reynolds@gmail.com', 'Levi_Reynolds@gmail.com', 'LEVI_REYNOLDS@GMAIL.com', 'LEVI_REYNOLDS@GMAIL.com');


-- Trainer

insert into Trainers (UserId,Profile_Picture, Email, Name, Trainer_ID, Certification, Bio, Experience, Rating, Created_At, Updated_At) values ('08eec65c-8aab-4499-a57f-52cf0486c35a','https://external-preview.redd.it/4VOfhCdsYxUk7Q02PQXE3PJj4FAuwX8GukT2RQcI_BY.jpg?auto=webp&s=e6299c1fd5eef10ad133b5573d64b25291703991','Jay_Cutler@typepad.com','Jay Cutler', '9ff36136-6197-48c7-85d5-7a17660a535b', 'Triple-buffered 5th generation encryption', 'Voluptatem enim et quibusdam perferendis deserunt nesciunt quam est fugit.', 30, 3, '2023-03-18', '2024-12-13');

insert into Trainers (UserId,Profile_Picture, Email, Name, Trainer_ID, Certification, Bio, Experience, Rating, Created_At, Updated_At) values ('2343b181-ba69-431f-ad8d-e9b9efaf518b','https://i.redd.it/xokw9t7khfv41.jpg','Chris_Bumstead@ocn.ne.jp','Chris Bumstead', 'e8c6f2f5-9a8f-492d-bc42-57bc271bc22a', 'Organic client-server Graphical User Interface', 'Nemo dolore repudiandae necessitatibus nulla possimus labore quod quo cupiditate.', 37, 0, '2023-03-05', '2024-12-14');

insert into Trainers (UserId,Profile_Picture, Email, Name, Trainer_ID, Certification, Bio, Experience, Rating, Created_At, Updated_At) values ('43328814-f5f0-4d9f-ba58-f4a74331f51a','https://encrypted-tbn0.gstatic.com/images?q=tbn:ANd9GcSMQWC4lsy3HMlnOtN4ZMCL3oLbCRLf8bC3hQ&s','Dwayne_Johnson@tuttocitta.it','Dwayne "The Rock" Johnson', '97eaabf4-bd60-461b-88be-69caa4d9f889', 'Seamless 4th generation application', 'Exercitationem et eos reiciendis aliquid error aut quam et aliquam.', 17, 5, '2024-09-22', '2024-11-28');

insert into Trainers (UserId,Profile_Picture, Email, Name, Trainer_ID, Certification, Bio, Experience, Rating, Created_At, Updated_At) values ('49fe1a18-aa3d-4f94-b28e-121db0ea7e18','https://www.greatestphysiques.com/wp-content/uploads/2017/07/Mike-Rashid.07.jpg','Mike_Rashid@gmail.com','Mike Rashid', 'abf5684e-1fc5-479d-a093-d4716b5928b7', 'Distributed composite standardization', 'Et cum sed labore similique asperiores impedit ducimus et ipsam.', 40, 3, '2023-11-18', '2024-12-19');

insert into Trainers (UserId,Profile_Picture, Email, Name, Trainer_ID, Certification, Bio, Experience, Rating, Created_At, Updated_At) values ('49fe1a18-c93d-4f94-b28e-121db0ea7e18','https://upload.wikimedia.org/wikipedia/commons/thumb/c/cc/Phil_Heath.JPG/640px-Phil_Heath.JPG','Phil_Heath@gmail.com','Phil Heath', '0c96dc20-9ce7-4c1f-a3cc-7f7f648eb6be', 'Operative zero tolerance project', 'Porro eaque ut possimus quam iure qui veniam quia aperiam.', 30, 4, '2024-09-02', '2024-11-25');

insert into Trainers (UserId,Profile_Picture, Email, Name, Trainer_ID, Certification, Bio, Experience, Rating, Created_At, Updated_At) values ('49fe1a18-c93d-4f94-b28e-121db0eee18a','https://i.pinimg.com/736x/59/b7/39/59b73905d7b67a747bdc5182d4c4fd89.jpg','Kai_Greene@gmail.com','Kai Greene', '82f951cc-a6ad-4ee0-b719-184190f4eaed', 'Front-line human-resource migration', 'Nobis impedit debitis optio non atque quia ut nihil est.', 26, 3, '2023-02-11', '2024-12-19');

insert into Trainers (UserId,Profile_Picture, Email, Name, Trainer_ID, Certification, Bio, Experience, Rating, Created_At, Updated_At) values ('49fe1a18-c93d-4f94-b28e-121dmkka7e18','https://www.greatestphysiques.com/wp-content/uploads/2017/05/bradley-martyn-besides-dumbbell-rack-looking-at-himself-in-the-mirror.jpg','Bradley_Martyn@gmail.com','Bradley Martyn', '39612469-851d-456c-bf74-d0627821e490', 'Optimized attitude-oriented encoding', 'Assumenda porro consequuntur animi sapiente id voluptatem nostrum doloribus dolor.', 10, 3, '2024-07-02', '2024-12-17');

insert into Trainers (UserId,Profile_Picture, Email, Name, Trainer_ID, Certification, Bio, Experience, Rating, Created_At, Updated_At) values ('49fe1a18-c93d-4f94-b44e-121db0ea7e18','https://i.pinimg.com/736x/87/99/4b/87994be3929439a90bc166c67639678a.jpg','Dana_Linn_Bailey@gmail.com','Dana Linn Bailey', 'd04408a7-b69f-4422-ace1-50a9a532f324', 'Face to face 5th generation budgetary management', 'Voluptas ducimus omnis quo possimus possimus quas deserunt omnis reiciendis.', 42, 5, '2024-05-19', '2024-12-05');

insert into Trainers (UserId,Profile_Picture, Email, Name, Trainer_ID, Certification, Bio, Experience, Rating, Created_At, Updated_At) values ('49fe1a18-c93d-4f94-hjki-121db0ea7e18','https://yt3.googleusercontent.com/ytc/AIdro_mekKzu4XyG9j_wjS6DSLslac3O-JUbO7DJQSZEzXPe7-M=s900-c-k-c0x00ffffff-no-rj','Lazar_Angelov@gmail.com','Lazar Angelov', '609f4589-580b-4810-9518-b3b96ba2cb44', 'Open-source asymmetric workforce', 'Ea et quo est asperiores eos sint et fugiat eius.', 15, 3, '2024-06-26', '2024-12-07');

insert into Trainers (UserId,Profile_Picture, Email, Name, Trainer_ID, Certification, Bio, Experience, Rating, Created_At, Updated_At) values ('49fe1a18-c93d-4f94-t28e-121db0ea7e18','https://encrypted-tbn0.gstatic.com/images?q=tbn:ANd9GcQhboK_eKhXhrqCZBfBG8qCnWaECGHWpUPMvA&s','Steve_Cook@gmail.com','Steve Cook', 'cde52692-05d8-43bc-b12b-9b82ee32afb3', 'Object-based transitional budgetary management', 'Maiores enim dignissimos architecto mollitia et facere velit dolore maiores.', 21, 5, '2023-11-03', '2024-12-05');

insert into Trainers (UserId,Profile_Picture, Email, Name, Trainer_ID, Certification, Bio, Experience, Rating, Created_At, Updated_At) values ('49fe1a18-dhyu-4f94-b28e-121db0ea7e18','https://i.pinimg.com/736x/d3/fc/a0/d3fca0e0e8742f8f480f6ce8bb0b7790.jpg','Jeff_Cavaliere@gmail.com','Jeff Cavaliere', 'c5857832-2e0b-46b0-aa12-7f681d93a3f0', 'Organized intermediate concept', 'Voluptatem adipisci assumenda sed quas tenetur repellat consequatur enim sint.', 31, 1, '2023-09-13', '2024-11-23');

insert into Trainers (UserId,Profile_Picture, Email, Name, Trainer_ID, Certification, Bio, Experience, Rating, Created_At, Updated_At) values ('49fe1h68-c93d-4f94-b28e-121db0ea7e18','https://muscleinsider.com/sites/default/files/styles/node_gallery_display/public/CALUM_VON_MOGER_UNDERGOES_SPINAL_SURGERY.png?itok=fMDVa9Mr','Calum_Von_Moger@gmail.com','Calum Von Moger', 'ad96d9cf-d238-4fb7-a63b-27dbe3c54914', 'Upgradable well-modulated budgetary management', 'Nemo enim et adipisci quo voluptatem rerum quas dicta minima.', 15, 4, '2023-03-07', '2024-12-17');


-- student
Insert Into Students (Student_ID, Name, Email, Password, Health_Status, Profile_Picture,Created_At,Updated_At,UserId)
Values ('aaba1a14-3d5e-4375-9881-7a370bc7b6ee', 'Levi Reynolds', 'Levi_Reynolds@gmail.com', '', 'Good', 'https://news.uchicago.edu/sites/default/files/styles/square_feature/public/images/2023-10/Adam-Mastroianni-square.jpg?h=daa376fd&itok=YR0-YXHv','2024-09-27','2024-12-12','122a05cc-c431-424d-b528-c6c8b5a0883a')

Insert Into Students (Student_ID, Name, Email, Password, Health_Status, Profile_Picture,Created_At,Updated_At,UserId)
Values ('6f4a29b4-0127-42ff-b92e-08ef42eaf2e0', 'Casey Dooley', 'Casey_Dooley@gmail.com', '', 'Good', 'https://encrypted-tbn0.gstatic.com/images?q=tbn:ANd9GcSzmhpaQ5r2ctu0U4iFasLVOViEunegjZD6Hg&s','2024-07-14','2024-12-09','2c67dfea-8fec-4c6f-b4ef-a887bd41f008')

Insert Into Students (Student_ID, Name, Email, Password, Health_Status, Profile_Picture,Created_At,Updated_At,UserId)
Values ('1dc98a6a-980d-416e-8012-15d1dd14f053', 'Bertha Zemlak', 'Bertha_Zemlak@gmail.com', '', 'Good', 'https://i.pinimg.com/736x/cd/26/fb/cd26fb2ba208f741fbd0a8e5d980b895.jpg','2023-10-26','2024-12-17','2f0df4d2-9e63-4ff6-a8d2-96617f115f59')

Insert Into Students (Student_ID, Name, Email, Password, Health_Status, Profile_Picture,Created_At,Updated_At,UserId)
Values ('b763a0a6-a445-457b-bc0e-30e02772d36d', 'Jenna Sawayn', 'Jenna_Sawayn@gmail.com', '', 'Good', 'https://i.pinimg.com/736x/2c/dd/1b/2cdd1b72e1334717eed7374a42b39889.jpg','2024-01-15','2024-11-30','5b832f49-f67f-49d5-b3a3-1252a21cb38e')

Insert Into Students (Student_ID, Name, Email, Password, Health_Status, Profile_Picture,Created_At,Updated_At,UserId)
Values ('2b90afd9-35e2-4087-b656-2efdac7dc7a6', 'Darin Connell', 'Darin_Connell@gmail.com', '', 'Good', 'https://i.pinimg.com/736x/5f/dd/34/5fdd34bed9b1197a622b1d175ebc03f3.jpg','2024-06-26','2024-12-18','b9ea1881-57e1-469a-a2dd-9922a05994bf')

Insert Into Students (Student_ID, Name, Email, Password, Health_Status, Profile_Picture,Created_At,Updated_At,UserId)
Values ('baaf88a2-bf03-4b26-bf48-9a3e6c6db544', 'Brandi Hettinger', 'Brandi_Hettinger@gmail.com', '', 'Good', 'https://i.pinimg.com/736x/f6/2f/a8/f62fa84d75c7a0a5cb4e2473b4d42199.jpg','2023-11-12','2024-11-23','bed0536f-6c4f-4c00-babd-98eb676aedba')

Insert Into Students (Student_ID, Name, Email, Password, Health_Status, Profile_Picture,Created_At,Updated_At,UserId)
Values ('f8f3a329-a11b-4de6-8e38-2d3fb9361c66', 'Mrs. Lisa Windler', 'Lisa_Windler@gmail.com', '', 'Good', 'https://i.pinimg.com/736x/38/c2/32/38c23251c49bd5a97da8810fbccf0823.jpg','2023-09-15','2024-11-25','ed5bd378-d7f2-45c6-acb7-32990fff3752')








